ID,Timestamp,y,x
0,0,43.5792872,1.4592462
0,1,43.5797052,1.4598312
0,2,43.5803802,1.4607949
0,3,43.5809326,1.4615921
0,4,43.5813825,1.4622453
0,5,43.5816605,1.4625911
0,6,43.5826688,1.4622616
0,7,43.583348,1.4619153
0,8,43.5855854,1.4609416
0,9,43.5860973,1.4607427
0,10,43.5875677,1.4601919
0,11,43.5875973,1.4608411
0,12,43.5862886,1.461136
0,13,43.5890223,1.4606403
0,14,43.5895173,1.4607018
0,15,43.5901785,1.460623
0,16,43.5906399,1.4604367
0,17,43.5936863,1.4576449
0,18,43.5945463,1.4569337
0,19,43.5946523,1.456861
0,20,43.5970342,1.4566911
0,21,43.5972096,1.4566676
0,22,43.5974323,1.4566564
0,23,43.6028561,1.4571783
0,24,43.6028832,1.4571836
0,25,43.6051353,1.4571516
0,26,43.6064508,1.4564679
0,27,43.6094748,1.4543622
0,28,43.6095375,1.4542877
0,29,43.6141037,1.4509289
0,30,43.6137537,1.4505082
0,31,43.6144086,1.4492053
0,32,43.6150455,1.4478909
0,33,43.6152495,1.4472418
0,34,43.6152258,1.4460576
0,35,43.6149081,1.4431675
0,36,43.6149127,1.4430585
0,37,43.6149988,1.4423976
0,38,43.615994,1.4390084
0,39,43.6154039,1.4351622
0,40,43.6151483,1.434445
0,41,43.614607,1.433426
0,42,43.612674,1.4290216
0,43,43.6125431,1.4284558
0,44,43.6124783,1.4281568
0,45,43.6119866,1.4260957
0,46,43.6118716,1.4253568
0,47,43.6122904,1.425215
0,48,43.6121919,1.424477
0,49,43.6114827,1.4199177
0,50,43.6114715,1.4197569
0,51,43.6113244,1.4186385
0,52,43.61198,1.417786
0,53,43.6151399,1.4184144
0,54,43.6208541,1.4181549
0,55,43.6228909,1.4190693
0,56,43.6235857,1.4191368
0,57,43.6236001,1.4188656
0,58,43.6237718,1.4186634
0,59,43.578896,1.4586723
0,60,43.5783193,1.4578321
0,61,43.5789588,1.4570145
0,62,43.5769023,1.4545462
0,63,43.5768453,1.45446
0,64,43.5760444,1.4531532
0,65,43.575505,1.4537788
0,66,43.5749854,1.4529534
0,67,43.5743351,1.45186
0,68,43.5739493,1.4520147
0,69,43.5737454,1.4516665
0,70,43.5738814,1.4496495
0,71,43.5749836,1.4401075
0,72,43.5732315,1.4377739
0,73,43.5704039,1.4290056
0,74,43.5690801,1.4220875
0,75,43.5695785,1.4137897
0,76,43.573502,1.4100685
0,77,43.5794499,1.406338
0,78,43.5836061,1.4036596
0,79,43.5874174,1.4012209
0,80,43.5990969,1.3974377
0,81,43.6015126,1.3986737
0,82,43.603222,1.4003216
0,83,43.6042738,1.4018869
0,84,43.6065391,1.406499
0,85,43.6089373,1.4119319
0,86,43.6151399,1.4184144
0,87,43.6208541,1.4181549
0,88,43.6228909,1.4190693
0,89,43.6235857,1.4191368
0,90,43.6236001,1.4188656
0,91,43.6237718,1.4186634
0,92,43.578896,1.4586723
0,93,43.5783193,1.4578321
0,94,43.5789588,1.4570145
0,95,43.5769023,1.4545462
0,96,43.5768453,1.45446
0,97,43.5760444,1.4531532
0,98,43.575505,1.4537788
0,99,43.5749854,1.4529534
0,100,43.5743351,1.45186
0,101,43.5739493,1.4520147
0,102,43.5737454,1.4516665
0,103,43.5738814,1.4496495
0,104,43.5749836,1.4401075
0,105,43.5732315,1.4377739
0,106,43.5704039,1.4290056
0,107,43.5690801,1.4220875
0,108,43.5695785,1.4137897
0,109,43.573502,1.4100685
0,110,43.5794499,1.406338
0,111,43.5836061,1.4036596
0,112,43.5874174,1.4012209
0,113,43.5990969,1.3974377
0,114,43.6015126,1.3986737
0,115,43.603222,1.4003216
0,116,43.6042738,1.4018869
0,117,43.6045213,1.4000532
0,118,43.6054349,1.3961005
0,119,43.606132,1.3933899
0,120,43.6093273,1.386953
0,121,43.6114802,1.3822084
0,122,43.6112059,1.3774886
0,123,43.6089259,1.3659473
0,124,43.6091707,1.3579482
0,125,43.6093554,1.3555239
0,126,43.6097101,1.3548062
0,127,43.6097791,1.3548058
0,128,43.6097101,1.3548062
0,129,43.6093554,1.3555239
0,130,43.6091707,1.3579482
0,131,43.6089259,1.3659473
0,132,43.6112059,1.3774886
0,133,43.6114802,1.3822084
0,134,43.6093273,1.386953
0,135,43.606132,1.3933899
0,136,43.6054349,1.3961005
0,137,43.6045213,1.4000532
0,138,43.6052052,1.4031314
0,139,43.6058328,1.4017244
0,140,43.6059346,1.4015165
0,141,43.6060727,1.4016276
0,142,43.6062299,1.401888
0,143,43.6077514,1.4019846
0,144,43.6092987,1.401847
0,145,43.6102699,1.4018519
0,146,43.6114133,1.4016962
0,147,43.6115975,1.401667
0,148,43.6130798,1.401497
0,149,43.6133704,1.4015582
0,150,43.6141628,1.397775
0,151,43.6142022,1.3975825
0,152,43.6142995,1.3973729
0,153,43.61575,1.3970847
0,154,43.6179143,1.3970032
0,155,43.6186687,1.3969861
0,156,43.6187152,1.3970339
0,157,43.6186291,1.3972838
0,158,43.578896,1.4586723
0,159,43.5783193,1.4578321
0,160,43.576871,1.4596486
0,161,43.5768028,1.4596004
0,162,43.576725,1.4596711
0,163,43.5767235,1.4597576
0,164,43.5757345,1.4599751
0,165,43.575628,1.4600783
0,166,43.5751739,1.4597045
0,167,43.5748377,1.4602741
0,168,43.5749671,1.4611336
0,169,43.5743169,1.4623059
0,170,43.573475,1.4637507
0,171,43.573798,1.4651896
0,172,43.5738709,1.4653732
0,173,43.5767322,1.4699853
0,174,43.5794873,1.4731545
0,175,43.5795057,1.4732622
0,176,43.5791546,1.4741445
0,177,43.5791377,1.4741898
0,178,43.5787053,1.4754657
0,179,43.5787173,1.4765398
0,180,43.5787488,1.4767033
0,181,43.5790988,1.4782911
0,182,43.5793336,1.4793277
0,183,43.5796064,1.4805837
0,184,43.579863,1.480751
0,185,43.5797061,1.4812464
0,186,43.5788326,1.4839112
0,187,43.5786831,1.4842101
0,188,43.5777884,1.4855205
0,189,43.5760352,1.4881137
0,190,43.5755081,1.4888757
0,191,43.5752102,1.4893165
0,192,43.5739929,1.4911265
0,193,43.5739187,1.4912383
0,194,43.5733359,1.4925719
0,195,43.5730667,1.4931124
0,196,43.5730262,1.4932159
0,197,43.5729035,1.4935583
0,198,43.5727354,1.4940946
0,199,43.5726315,1.4944161
0,200,43.5725426,1.494704
0,201,43.572442,1.4953774
0,202,43.572313,1.4957434
0,203,43.5713235,1.4984372
0,204,43.5718308,1.4989538
0,205,43.57292,1.5000113
0,206,43.5732824,1.5004069
0,207,43.5738719,1.5009662
0,208,43.5739788,1.5011101
0,209,43.5746157,1.5033498
0,210,43.5745093,1.5043521
0,211,43.5744151,1.5044839
0,212,43.5745093,1.5043521
0,213,43.5746157,1.5033498
0,214,43.5739788,1.5011101
0,215,43.5738719,1.5009662
0,216,43.5732824,1.5004069
0,217,43.57292,1.5000113
0,218,43.5718308,1.4989538
0,219,43.5713235,1.4984372
0,220,43.5711028,1.4983829
0,221,43.5722328,1.4956002
0,222,43.571609,1.4950659
0,223,43.5690783,1.4939067
0,224,43.564748,1.4937556
0,225,43.5599113,1.4940125
0,226,43.5568897,1.4943213
0,227,43.5594006,1.4896599
0,228,43.5647842,1.4850813
0,229,43.5702247,1.477134
0,230,43.5734536,1.46575
0,231,43.5722831,1.4553975
0,232,43.5735792,1.4501146
0,233,43.5759009,1.4432499
0,234,43.5739807,1.4390299
0,235,43.5703313,1.429495
0,236,43.5689068,1.421801
0,237,43.5688293,1.4154098
0,238,43.5746239,1.409115
0,239,43.580355,1.405557
0,240,43.582899,1.4039157
0,241,43.5872046,1.4011465
0,242,43.5920357,1.3985212
0,243,43.5966452,1.3968889
0,244,43.60271,1.3994848
0,245,43.6047588,1.3983752
0,246,43.6054761,1.3954643
0,247,43.6064398,1.3923003
0,248,43.6048728,1.3942334
0,249,43.6047238,1.3942064
0,250,43.606927,1.3884308
0,251,43.6046727,1.3867853
0,252,43.6021899,1.3887907
0,253,43.5992024,1.3869555
0,254,43.5981443,1.386378
0,255,43.5988482,1.3837674
0,256,43.5965441,1.3829524
0,257,43.5948464,1.382098
0,258,43.5951962,1.379561
0,259,43.59247,1.377719
0,260,43.5919415,1.3773102
0,261,43.5929205,1.3748711
0,262,43.5919415,1.3773102
0,263,43.59247,1.377719
0,264,43.5951962,1.379561
0,265,43.5948464,1.382098
0,266,43.5965441,1.3829524
0,267,43.5988482,1.3837674
0,268,43.5981443,1.386378
0,269,43.5992024,1.3869555
0,270,43.6021899,1.3887907
0,271,43.6046727,1.3867853
0,272,43.606927,1.3884308
0,273,43.6047238,1.3942064
0,274,43.6048728,1.3942334
0,275,43.6064398,1.3923003
0,276,43.6054761,1.3954643
0,277,43.6047588,1.3983752
0,278,43.60271,1.3994848
0,279,43.5966452,1.3968889
0,280,43.5920357,1.3985212
0,281,43.5872046,1.4011465
0,282,43.582899,1.4039157
0,283,43.580355,1.405557
0,284,43.5746239,1.409115
0,285,43.5688293,1.4154098
0,286,43.5651746,1.4183833
0,287,43.5690801,1.4220875
0,288,43.5704039,1.4290056
0,289,43.5732315,1.4377739
0,290,43.5749836,1.4401075
0,291,43.5738814,1.4496495
0,292,43.5737454,1.4516665
0,293,43.5739493,1.4520147
0,294,43.5743351,1.45186
0,295,43.5749854,1.4529534
0,296,43.575505,1.4537788
0,297,43.5760444,1.4531532
0,298,43.5768453,1.45446
0,299,43.5769023,1.4545462
0,300,43.5789588,1.4570145
0,301,43.5783193,1.4578321
0,302,43.578896,1.4586723
0,303,43.578896,1.4586723
0,304,43.578896,1.4586723
0,305,43.578896,1.4586723
0,306,43.578896,1.4586723
0,307,43.578896,1.4586723
0,308,43.578896,1.4586723
0,309,43.578896,1.4586723
0,310,43.578896,1.4586723
0,311,43.578896,1.4586723
0,312,43.578896,1.4586723
0,313,43.578896,1.4586723
0,314,43.578896,1.4586723
0,315,43.578896,1.4586723
0,316,43.578896,1.4586723
0,317,43.578896,1.4586723
0,318,43.578896,1.4586723
0,319,43.578896,1.4586723
0,320,43.578896,1.4586723
0,321,43.578896,1.4586723
0,322,43.578896,1.4586723
0,323,43.578896,1.4586723
0,324,43.578896,1.4586723
0,325,43.578896,1.4586723
0,326,43.578896,1.4586723
0,327,43.578896,1.4586723
0,328,43.578896,1.4586723
0,329,43.578896,1.4586723
0,330,43.578896,1.4586723
0,331,43.578896,1.4586723
0,332,43.578896,1.4586723
0,333,43.578896,1.4586723
0,334,43.578896,1.4586723
0,335,43.578896,1.4586723
0,336,43.578896,1.4586723
0,337,43.578896,1.4586723
0,338,43.578896,1.4586723
0,339,43.578896,1.4586723
0,340,43.578896,1.4586723
0,341,43.578896,1.4586723
0,342,43.578896,1.4586723
0,343,43.578896,1.4586723
0,344,43.578896,1.4586723
0,345,43.578896,1.4586723
0,346,43.578896,1.4586723
0,347,43.578896,1.4586723
0,348,43.578896,1.4586723
0,349,43.578896,1.4586723
0,350,43.578896,1.4586723
0,351,43.578896,1.4586723
0,352,43.578896,1.4586723
0,353,43.578896,1.4586723
0,354,43.578896,1.4586723
0,355,43.578896,1.4586723
0,356,43.578896,1.4586723
0,357,43.578896,1.4586723
0,358,43.578896,1.4586723
0,359,43.578896,1.4586723
0,360,43.578896,1.4586723
0,361,43.578896,1.4586723
0,362,43.578896,1.4586723
0,363,43.578896,1.4586723
0,364,43.578896,1.4586723
0,365,43.578896,1.4586723
0,366,43.578896,1.4586723
0,367,43.578896,1.4586723
0,368,43.578896,1.4586723
0,369,43.578896,1.4586723
0,370,43.578896,1.4586723
0,371,43.578896,1.4586723
0,372,43.578896,1.4586723
0,373,43.578896,1.4586723
0,374,43.578896,1.4586723
0,375,43.578896,1.4586723
0,376,43.578896,1.4586723
0,377,43.578896,1.4586723
0,378,43.578896,1.4586723
0,379,43.578896,1.4586723
0,380,43.578896,1.4586723
0,381,43.578896,1.4586723
0,382,43.578896,1.4586723
0,383,43.578896,1.4586723
0,384,43.578896,1.4586723
0,385,43.578896,1.4586723
0,386,43.578896,1.4586723
0,387,43.578896,1.4586723
0,388,43.578896,1.4586723
0,389,43.578896,1.4586723
0,390,43.578896,1.4586723
0,391,43.578896,1.4586723
0,392,43.578896,1.4586723
0,393,43.578896,1.4586723
0,394,43.578896,1.4586723
0,395,43.578896,1.4586723
0,396,43.578896,1.4586723
0,397,43.578896,1.4586723
0,398,43.578896,1.4586723
0,399,43.578896,1.4586723
0,400,43.578896,1.4586723
0,401,43.578896,1.4586723
0,402,43.578896,1.4586723
0,403,43.578896,1.4586723
0,404,43.578896,1.4586723
0,405,43.578896,1.4586723
0,406,43.578896,1.4586723
0,407,43.578896,1.4586723
0,408,43.578896,1.4586723
0,409,43.578896,1.4586723
0,410,43.578896,1.4586723
0,411,43.578896,1.4586723
0,412,43.578896,1.4586723
0,413,43.578896,1.4586723
0,414,43.578896,1.4586723
0,415,43.578896,1.4586723
0,416,43.578896,1.4586723
0,417,43.578896,1.4586723
0,418,43.578896,1.4586723
0,419,43.578896,1.4586723
0,420,43.578896,1.4586723
0,421,43.578896,1.4586723
0,422,43.578896,1.4586723
0,423,43.578896,1.4586723
0,424,43.578896,1.4586723
0,425,43.578896,1.4586723
0,426,43.578896,1.4586723
0,427,43.578896,1.4586723
0,428,43.578896,1.4586723
0,429,43.578896,1.4586723
0,430,43.578896,1.4586723
0,431,43.578896,1.4586723
0,432,43.578896,1.4586723
0,433,43.578896,1.4586723
0,434,43.578896,1.4586723
0,435,43.578896,1.4586723
0,436,43.578896,1.4586723
0,437,43.578896,1.4586723
0,438,43.578896,1.4586723
0,439,43.578896,1.4586723
0,440,43.578896,1.4586723
0,441,43.578896,1.4586723
0,442,43.578896,1.4586723
0,443,43.578896,1.4586723
0,444,43.578896,1.4586723
0,445,43.578896,1.4586723
0,446,43.578896,1.4586723
0,447,43.578896,1.4586723
0,448,43.578896,1.4586723
0,449,43.578896,1.4586723
0,450,43.578896,1.4586723
0,451,43.578896,1.4586723
0,452,43.578896,1.4586723
0,453,43.578896,1.4586723
0,454,43.578896,1.4586723
0,455,43.578896,1.4586723
0,456,43.578896,1.4586723
0,457,43.578896,1.4586723
0,458,43.578896,1.4586723
0,459,43.578896,1.4586723
0,460,43.578896,1.4586723
0,461,43.578896,1.4586723
0,462,43.578896,1.4586723
0,463,43.578896,1.4586723
0,464,43.578896,1.4586723
0,465,43.578896,1.4586723
0,466,43.578896,1.4586723
0,467,43.578896,1.4586723
0,468,43.578896,1.4586723
0,469,43.578896,1.4586723
0,470,43.578896,1.4586723
0,471,43.578896,1.4586723
0,472,43.578896,1.4586723
0,473,43.578896,1.4586723
0,474,43.578896,1.4586723
0,475,43.578896,1.4586723
0,476,43.578896,1.4586723
0,477,43.578896,1.4586723
0,478,43.578896,1.4586723
0,479,43.578896,1.4586723
0,480,43.578896,1.4586723
0,481,43.578896,1.4586723
0,482,43.578896,1.4586723
0,483,43.578896,1.4586723
0,484,43.578896,1.4586723
0,485,43.578896,1.4586723
0,486,43.578896,1.4586723
0,487,43.578896,1.4586723
0,488,43.578896,1.4586723
0,489,43.578896,1.4586723
0,490,43.578896,1.4586723
0,491,43.578896,1.4586723
0,492,43.578896,1.4586723
0,493,43.578896,1.4586723
0,494,43.578896,1.4586723
0,495,43.578896,1.4586723
0,496,43.578896,1.4586723
0,497,43.578896,1.4586723
0,498,43.578896,1.4586723
0,499,43.578896,1.4586723
1,0,43.5760414,1.4097004
1,1,43.5759587,1.4099292
1,2,43.5754882,1.4114185
1,3,43.5750416,1.4111722
1,4,43.57443,1.410821
1,5,43.5750884,1.4092103
1,6,43.573502,1.4100685
1,7,43.5695785,1.4137897
1,8,43.5690801,1.4220875
1,9,43.5704039,1.4290056
1,10,43.5732315,1.4377739
1,11,43.5737907,1.437974
1,12,43.5747488,1.436724
1,13,43.5768542,1.4362371
1,14,43.5773759,1.4363027
1,15,43.5790234,1.4368231
1,16,43.5812874,1.4383811
1,17,43.5812727,1.4384705
1,18,43.5823884,1.439102
1,19,43.5864726,1.4394661
1,20,43.5883502,1.4398601
1,21,43.5882955,1.4401303
1,22,43.5882314,1.4412397
1,23,43.5881992,1.4421767
1,24,43.5882185,1.4424461
1,25,43.5883508,1.4443961
1,26,43.5884678,1.4444247
1,27,43.5887278,1.446168
1,28,43.5866477,1.4469916
1,29,43.5870896,1.448324
1,30,43.5762208,1.4089805
1,31,43.5760414,1.4097004
1,32,43.5759587,1.4099292
1,33,43.5754882,1.4114185
1,34,43.5750416,1.4111722
1,35,43.57443,1.410821
1,36,43.5750884,1.4092103
1,37,43.573502,1.4100685
1,38,43.5695785,1.4137897
1,39,43.5690801,1.4220875
1,40,43.5704039,1.4290056
1,41,43.5732315,1.4377739
1,42,43.5737907,1.437974
1,43,43.5747488,1.436724
1,44,43.5768542,1.4362371
1,45,43.5773759,1.4363027
1,46,43.5790234,1.4368231
1,47,43.5812874,1.4383811
1,48,43.5812727,1.4384705
1,49,43.5823884,1.439102
1,50,43.5864726,1.4394661
1,51,43.5883502,1.4398601
1,52,43.5882955,1.4401303
1,53,43.5882314,1.4412397
1,54,43.5881992,1.4421767
1,55,43.5882185,1.4424461
1,56,43.5883508,1.4443961
1,57,43.5884678,1.4444247
1,58,43.5887278,1.446168
1,59,43.5866477,1.4469916
1,60,43.5870896,1.448324
1,61,43.5762208,1.4089805
1,62,43.5760414,1.4097004
1,63,43.5759587,1.4099292
1,64,43.5754882,1.4114185
1,65,43.5750416,1.4111722
1,66,43.57443,1.410821
1,67,43.5750884,1.4092103
1,68,43.573502,1.4100685
1,69,43.5695785,1.4137897
1,70,43.5690801,1.4220875
1,71,43.5704039,1.4290056
1,72,43.5732315,1.4377739
1,73,43.5737907,1.437974
1,74,43.5747488,1.436724
1,75,43.5768542,1.4362371
1,76,43.5773759,1.4363027
1,77,43.5790234,1.4368231
1,78,43.5812874,1.4383811
1,79,43.5812727,1.4384705
1,80,43.5823884,1.439102
1,81,43.5864726,1.4394661
1,82,43.5883502,1.4398601
1,83,43.5882955,1.4401303
1,84,43.5882314,1.4412397
1,85,43.5881992,1.4421767
1,86,43.5882185,1.4424461
1,87,43.5883508,1.4443961
1,88,43.5884678,1.4444247
1,89,43.5887278,1.446168
1,90,43.5866477,1.4469916
1,91,43.5870896,1.448324
1,92,43.5762208,1.4089805
1,93,43.5760414,1.4097004
1,94,43.5759587,1.4099292
1,95,43.5754882,1.4114185
1,96,43.5750416,1.4111722
1,97,43.57443,1.410821
1,98,43.5750884,1.4092103
1,99,43.573502,1.4100685
1,100,43.5695785,1.4137897
1,101,43.5690801,1.4220875
1,102,43.5704039,1.4290056
1,103,43.5732315,1.4377739
1,104,43.5737907,1.437974
1,105,43.5747488,1.436724
1,106,43.5768542,1.4362371
1,107,43.5773759,1.4363027
1,108,43.5790234,1.4368231
1,109,43.5812874,1.4383811
1,110,43.5812727,1.4384705
1,111,43.5823884,1.439102
1,112,43.5864726,1.4394661
1,113,43.5883502,1.4398601
1,114,43.5882955,1.4401303
1,115,43.5882314,1.4412397
1,116,43.5881992,1.4421767
1,117,43.5882185,1.4424461
1,118,43.5883508,1.4443961
1,119,43.5884678,1.4444247
1,120,43.5887278,1.446168
1,121,43.5866477,1.4469916
1,122,43.5870896,1.448324
1,123,43.5762208,1.4089805
1,124,43.5760414,1.4097004
1,125,43.5759587,1.4099292
1,126,43.5754882,1.4114185
1,127,43.5750416,1.4111722
1,128,43.57443,1.410821
1,129,43.5750884,1.4092103
1,130,43.573502,1.4100685
1,131,43.5695785,1.4137897
1,132,43.5690801,1.4220875
1,133,43.5704039,1.4290056
1,134,43.5732315,1.4377739
1,135,43.5737907,1.437974
1,136,43.5747488,1.436724
1,137,43.5768542,1.4362371
1,138,43.5773759,1.4363027
1,139,43.5790234,1.4368231
1,140,43.5812874,1.4383811
1,141,43.5812727,1.4384705
1,142,43.5823884,1.439102
1,143,43.5864726,1.4394661
1,144,43.5883502,1.4398601
1,145,43.5882955,1.4401303
1,146,43.5882314,1.4412397
1,147,43.5881992,1.4421767
1,148,43.5882185,1.4424461
1,149,43.5883508,1.4443961
1,150,43.5884678,1.4444247
1,151,43.5887278,1.446168
1,152,43.5866477,1.4469916
1,153,43.5870896,1.448324
1,154,43.5762208,1.4089805
1,155,43.5760414,1.4097004
1,156,43.5759587,1.4099292
1,157,43.5754882,1.4114185
1,158,43.5750416,1.4111722
1,159,43.57443,1.410821
1,160,43.5750884,1.4092103
1,161,43.573502,1.4100685
1,162,43.5794499,1.406338
1,163,43.5836061,1.4036596
1,164,43.5874174,1.4012209
1,165,43.5990969,1.3974377
1,166,43.6015126,1.3986737
1,167,43.603222,1.4003216
1,168,43.6042738,1.4018869
1,169,43.6065391,1.406499
1,170,43.6089373,1.4119319
1,171,43.6151399,1.4184144
1,172,43.6208541,1.4181549
1,173,43.6228909,1.4190693
1,174,43.6235857,1.4191368
1,175,43.6236001,1.4188656
1,176,43.6237718,1.4186634
1,177,43.6236001,1.4188656
1,178,43.6230101,1.4189364
1,179,43.6227499,1.4177692
1,180,43.6264853,1.4196748
1,181,43.6460888,1.4217085
1,182,43.649911,1.4221372
1,183,43.6483972,1.4220402
1,184,43.6482206,1.4230474
1,185,43.6485584,1.424135
1,186,43.649487,1.4253591
1,187,43.5762208,1.4089805
1,188,43.5760414,1.4097004
1,189,43.5759587,1.4099292
1,190,43.5754882,1.4114185
1,191,43.5750416,1.4111722
1,192,43.57443,1.410821
1,193,43.5750884,1.4092103
1,194,43.573502,1.4100685
1,195,43.5794499,1.406338
1,196,43.5836061,1.4036596
1,197,43.5874174,1.4012209
1,198,43.5990969,1.3974377
1,199,43.6015126,1.3986737
1,200,43.603222,1.4003216
1,201,43.6042738,1.4018869
1,202,43.6065391,1.406499
1,203,43.6089373,1.4119319
1,204,43.6101216,1.4161184
1,205,43.6104733,1.4182341
1,206,43.6108476,1.4189401
1,207,43.6110301,1.4200401
1,208,43.6117693,1.4246662
1,209,43.6118716,1.4253568
1,210,43.6119866,1.4260957
1,211,43.6124783,1.4281568
1,212,43.6125431,1.4284558
1,213,43.612674,1.4290216
1,214,43.614607,1.433426
1,215,43.6151483,1.434445
1,216,43.6154039,1.4351622
1,217,43.615994,1.4390084
1,218,43.6149988,1.4423976
1,219,43.5762208,1.4089805
1,220,43.5760414,1.4097004
1,221,43.5759587,1.4099292
1,222,43.5754882,1.4114185
1,223,43.5750416,1.4111722
1,224,43.57443,1.410821
1,225,43.5750884,1.4092103
1,226,43.573502,1.4100685
1,227,43.5794499,1.406338
1,228,43.5836061,1.4036596
1,229,43.5874174,1.4012209
1,230,43.5990969,1.3974377
1,231,43.6015126,1.3986737
1,232,43.603222,1.4003216
1,233,43.6042738,1.4018869
1,234,43.6065391,1.406499
1,235,43.6089373,1.4119319
1,236,43.6101216,1.4161184
1,237,43.6104733,1.4182341
1,238,43.6108476,1.4189401
1,239,43.6110301,1.4200401
1,240,43.6117693,1.4246662
1,241,43.6118716,1.4253568
1,242,43.6119866,1.4260957
1,243,43.6124783,1.4281568
1,244,43.6125431,1.4284558
1,245,43.612674,1.4290216
1,246,43.614607,1.433426
1,247,43.6151483,1.434445
1,248,43.6154039,1.4351622
1,249,43.615994,1.4390084
1,250,43.6149988,1.4423976
1,251,43.5762208,1.4089805
1,252,43.5760414,1.4097004
1,253,43.5759587,1.4099292
1,254,43.5754882,1.4114185
1,255,43.5750416,1.4111722
1,256,43.57443,1.410821
1,257,43.5750884,1.4092103
1,258,43.573502,1.4100685
1,259,43.5794499,1.406338
1,260,43.5836061,1.4036596
1,261,43.5874174,1.4012209
1,262,43.5990969,1.3974377
1,263,43.6015126,1.3986737
1,264,43.603222,1.4003216
1,265,43.6042738,1.4018869
1,266,43.6065391,1.406499
1,267,43.6089373,1.4119319
1,268,43.6101216,1.4161184
1,269,43.6104733,1.4182341
1,270,43.6108476,1.4189401
1,271,43.6110301,1.4200401
1,272,43.6117693,1.4246662
1,273,43.6118716,1.4253568
1,274,43.6119866,1.4260957
1,275,43.6124783,1.4281568
1,276,43.6125431,1.4284558
1,277,43.612674,1.4290216
1,278,43.614607,1.433426
1,279,43.6151483,1.434445
1,280,43.6154039,1.4351622
1,281,43.615994,1.4390084
1,282,43.6149988,1.4423976
1,283,43.5762208,1.4089805
1,284,43.5760414,1.4097004
1,285,43.5759587,1.4099292
1,286,43.5754882,1.4114185
1,287,43.5750416,1.4111722
1,288,43.57443,1.410821
1,289,43.5750884,1.4092103
1,290,43.573502,1.4100685
1,291,43.5794499,1.406338
1,292,43.5836061,1.4036596
1,293,43.5874174,1.4012209
1,294,43.5990969,1.3974377
1,295,43.6015126,1.3986737
1,296,43.603222,1.4003216
1,297,43.6042738,1.4018869
1,298,43.6065391,1.406499
1,299,43.6089373,1.4119319
1,300,43.6101216,1.4161184
1,301,43.6104733,1.4182341
1,302,43.6108476,1.4189401
1,303,43.6110301,1.4200401
1,304,43.6117693,1.4246662
1,305,43.6118716,1.4253568
1,306,43.6119866,1.4260957
1,307,43.6124783,1.4281568
1,308,43.6125431,1.4284558
1,309,43.612674,1.4290216
1,310,43.614607,1.433426
1,311,43.6151483,1.434445
1,312,43.6154039,1.4351622
1,313,43.615994,1.4390084
1,314,43.6149988,1.4423976
1,315,43.6149127,1.4430585
1,316,43.6149081,1.4431675
1,317,43.6152258,1.4460576
1,318,43.6152495,1.4472418
1,319,43.6150455,1.4478909
1,320,43.6144086,1.4492053
1,321,43.6137537,1.4505082
1,322,43.6141037,1.4509289
1,323,43.6095375,1.4542877
1,324,43.6094748,1.4543622
1,325,43.6064508,1.4564679
1,326,43.6063692,1.4559091
1,327,43.6050307,1.4566131
1,328,43.6037227,1.4565916
1,329,43.6037113,1.4561299
1,330,43.603575,1.4561381
1,331,43.5762208,1.4089805
1,332,43.5760414,1.4097004
1,333,43.5759587,1.4099292
1,334,43.5754882,1.4114185
1,335,43.5750416,1.4111722
1,336,43.57443,1.410821
1,337,43.5750884,1.4092103
1,338,43.573502,1.4100685
1,339,43.5794499,1.406338
1,340,43.5836061,1.4036596
1,341,43.5874174,1.4012209
1,342,43.5990969,1.3974377
1,343,43.6015126,1.3986737
1,344,43.603222,1.4003216
1,345,43.6042738,1.4018869
1,346,43.6065391,1.406499
1,347,43.6089373,1.4119319
1,348,43.6101216,1.4161184
1,349,43.6104733,1.4182341
1,350,43.6108476,1.4189401
1,351,43.6110301,1.4200401
1,352,43.6117693,1.4246662
1,353,43.6099757,1.4251654
1,354,43.6084053,1.4256028
1,355,43.6079468,1.4268794
1,356,43.6074702,1.4282022
1,357,43.6069073,1.4281566
1,358,43.6059486,1.4280987
1,359,43.60547,1.4280689
1,360,43.6053415,1.4280613
1,361,43.6011023,1.4283814
1,362,43.6008118,1.4285891
1,363,43.6006235,1.4287315
1,364,43.5994795,1.4295584
1,365,43.5992616,1.4297367
1,366,43.5968612,1.4314673
1,367,43.5976933,1.4308076
1,368,43.5762208,1.4089805
1,369,43.5760414,1.4097004
1,370,43.5759587,1.4099292
1,371,43.5754882,1.4114185
1,372,43.5750416,1.4111722
1,373,43.57443,1.410821
1,374,43.5750884,1.4092103
1,375,43.573502,1.4100685
1,376,43.5794499,1.406338
1,377,43.5836061,1.4036596
1,378,43.5874174,1.4012209
1,379,43.5990969,1.3974377
1,380,43.6015126,1.3986737
1,381,43.603222,1.4003216
1,382,43.6042738,1.4018869
1,383,43.6065391,1.406499
1,384,43.6089373,1.4119319
1,385,43.6101216,1.4161184
1,386,43.6104733,1.4182341
1,387,43.6108476,1.4189401
1,388,43.6110301,1.4200401
1,389,43.6117693,1.4246662
1,390,43.6099757,1.4251654
1,391,43.6084053,1.4256028
1,392,43.6079468,1.4268794
1,393,43.6074702,1.4282022
1,394,43.6069073,1.4281566
1,395,43.6059486,1.4280987
1,396,43.60547,1.4280689
1,397,43.6053415,1.4280613
1,398,43.6011023,1.4283814
1,399,43.6008118,1.4285891
1,400,43.6006235,1.4287315
1,401,43.5994795,1.4295584
1,402,43.5992616,1.4297367
1,403,43.5968612,1.4314673
1,404,43.5976933,1.4308076
1,405,43.5977714,1.4309829
1,406,43.5977906,1.4309932
1,407,43.5978523,1.4313532
1,408,43.5979994,1.4320363
1,409,43.5980829,1.4320149
1,410,43.5981965,1.4328567
1,411,43.5984518,1.4342434
1,412,43.5985274,1.4346717
1,413,43.5987465,1.4358615
1,414,43.5988741,1.4365363
1,415,43.5996169,1.440537
1,416,43.5997687,1.4412039
1,417,43.5999903,1.4420975
1,418,43.6000951,1.4425311
1,419,43.6004515,1.4450826
1,420,43.6004863,1.4456702
1,421,43.6005329,1.4469987
1,422,43.6005559,1.448199
1,423,43.600605,1.450134
1,424,43.600618,1.4507603
1,425,43.6004211,1.4518537
1,426,43.6003514,1.4522048
1,427,43.6012103,1.4519756
1,428,43.6017384,1.4519166
1,429,43.6016021,1.4528133
1,430,43.601403,1.4540933
1,431,43.6018953,1.4541833
1,432,43.6027428,1.4543075
1,433,43.603575,1.4561381
1,434,43.5762208,1.4089805
1,435,43.5760414,1.4097004
1,436,43.5759587,1.4099292
1,437,43.5754882,1.4114185
1,438,43.5750416,1.4111722
1,439,43.57443,1.410821
1,440,43.5750884,1.4092103
1,441,43.573502,1.4100685
1,442,43.5695785,1.4137897
1,443,43.5690801,1.4220875
1,444,43.5704039,1.4290056
1,445,43.5732315,1.4377739
1,446,43.5749836,1.4401075
1,447,43.5738814,1.4496495
1,448,43.5724102,1.4559659
1,449,43.5737221,1.471414
1,450,43.5732172,1.4724583
1,451,43.5754599,1.4679331
1,452,43.5773546,1.4663135
1,453,43.5775599,1.4662846
1,454,43.5809304,1.4640723
1,455,43.5812516,1.4637224
1,456,43.5821046,1.4630806
1,457,43.5825971,1.4639845
1,458,43.5826321,1.4643279
1,459,43.5836764,1.463951
1,460,43.5854391,1.4632838
1,461,43.5868061,1.4628584
1,462,43.5866783,1.463137
1,463,43.5861139,1.4645233
1,464,43.586005,1.4647879
1,465,43.5858108,1.4652819
1,466,43.5864969,1.4658712
1,467,43.587346,1.4665785
1,468,43.5879293,1.4670947
1,469,43.5884272,1.4675026
1,470,43.5877078,1.4686925
1,471,43.5874675,1.4691043
1,472,43.5868989,1.4700428
1,473,43.5762208,1.4089805
1,474,43.5760414,1.4097004
1,475,43.5759587,1.4099292
1,476,43.5754882,1.4114185
1,477,43.5750416,1.4111722
1,478,43.57443,1.410821
1,479,43.5750884,1.4092103
1,480,43.573502,1.4100685
1,481,43.5695785,1.4137897
1,482,43.5690801,1.4220875
1,483,43.5704039,1.4290056
1,484,43.5732315,1.4377739
1,485,43.5749836,1.4401075
1,486,43.5738814,1.4496495
1,487,43.5724102,1.4559659
1,488,43.5737221,1.471414
1,489,43.5732172,1.4724583
1,490,43.5754599,1.4679331
1,491,43.5773546,1.4663135
1,492,43.5775599,1.4662846
1,493,43.5809304,1.4640723
1,494,43.5812516,1.4637224
1,495,43.5821046,1.4630806
1,496,43.5825971,1.4639845
1,497,43.5826321,1.4643279
1,498,43.5836764,1.463951
1,499,43.5854391,1.4632838
2,0,43.6141867,1.4693242
2,1,43.6142122,1.4665324
2,2,43.6142903,1.4663819
2,3,43.6143354,1.4663127
2,4,43.6155064,1.4651899
2,5,43.6156304,1.4651314
2,6,43.6156679,1.4649841
2,7,43.615466,1.4648261
2,8,43.6145634,1.4621999
2,9,43.6145316,1.4619163
2,10,43.6143375,1.4614608
2,11,43.6140744,1.4610578
2,12,43.6123638,1.4585105
2,13,43.6117449,1.4572784
2,14,43.6117643,1.4572353
2,15,43.6117759,1.4565642
2,16,43.6116255,1.4563097
2,17,43.6102322,1.454966
2,18,43.6095375,1.4542877
2,19,43.6094748,1.4543622
2,20,43.6064508,1.4564679
2,21,43.6063692,1.4559091
2,22,43.6050307,1.4566131
2,23,43.6037227,1.4565916
2,24,43.6037113,1.4561299
2,25,43.603575,1.4561381
2,26,43.6037113,1.4561299
2,27,43.6037227,1.4565916
2,28,43.6050307,1.4566131
2,29,43.6051353,1.4571516
2,30,43.6064508,1.4564679
2,31,43.6094748,1.4543622
2,32,43.6095375,1.4542877
2,33,43.6141037,1.4509289
2,34,43.6142747,1.4505573
2,35,43.6152716,1.4483795
2,36,43.6153733,1.4441963
2,37,43.6154256,1.4423945
2,38,43.6156368,1.4416015
2,39,43.6159763,1.4405302
2,40,43.6163278,1.4392328
2,41,43.6157167,1.4347921
2,42,43.6168272,1.4339923
2,43,43.6174808,1.4335191
2,44,43.6173674,1.4332133
2,45,43.6187885,1.4318101
2,46,43.6179943,1.4301053
2,47,43.619005,1.4295213
2,48,43.6195194,1.4270807
2,49,43.6194835,1.4269761
2,50,43.6200724,1.4266302
2,51,43.6207044,1.4262193
2,52,43.6213505,1.4258422
2,53,43.6222355,1.4252756
2,54,43.6219973,1.4251352
2,55,43.6220511,1.4245493
2,56,43.6237217,1.4196881
2,57,43.6238443,1.4194056
2,58,43.624059,1.4187855
2,59,43.6237718,1.4186634
2,60,43.6129734,1.4705312
2,61,43.6127103,1.4694777
2,62,43.6123548,1.4679608
2,63,43.6141184,1.4662676
2,64,43.6136711,1.4664937
2,65,43.6068642,1.4732818
2,66,43.6080216,1.4744836
2,67,43.6085488,1.4756534
2,68,43.6065864,1.4738157
2,69,43.6062216,1.4747825
2,70,43.6075102,1.4772494
2,71,43.6085813,1.4803769
2,72,43.6073496,1.4816401
2,73,43.6063824,1.4825137
2,74,43.6070004,1.4840896
2,75,43.6072467,1.4841857
2,76,43.6105402,1.4845291
2,77,43.6238693,1.4803438
2,78,43.6310142,1.4782952
2,79,43.6348752,1.4777138
2,80,43.637241,1.4770405
2,81,43.6425982,1.4726844
2,82,43.6449382,1.4685366
2,83,43.6466862,1.4596131
2,84,43.6466383,1.4516022
2,85,43.6468188,1.4435434
2,86,43.652451,1.4296335
2,87,43.6528741,1.4248732
2,88,43.649911,1.4221372
2,89,43.6483972,1.4220402
2,90,43.6482206,1.4230474
2,91,43.6485584,1.424135
2,92,43.649487,1.4253591
2,93,43.6129734,1.4705312
2,94,43.6127103,1.4694777
2,95,43.6123548,1.4679608
2,96,43.6141184,1.4662676
2,97,43.6136711,1.4664937
2,98,43.6068642,1.4732818
2,99,43.6080216,1.4744836
2,100,43.6085488,1.4756534
2,101,43.6065864,1.4738157
2,102,43.6062216,1.4747825
2,103,43.6075102,1.4772494
2,104,43.6085813,1.4803769
2,105,43.6073496,1.4816401
2,106,43.6063824,1.4825137
2,107,43.6070004,1.4840896
2,108,43.6072467,1.4841857
2,109,43.6105402,1.4845291
2,110,43.6238693,1.4803438
2,111,43.6310142,1.4782952
2,112,43.6348752,1.4777138
2,113,43.637241,1.4770405
2,114,43.6425982,1.4726844
2,115,43.6449382,1.4685366
2,116,43.6466862,1.4596131
2,117,43.6466383,1.4516022
2,118,43.6468188,1.4435434
2,119,43.652451,1.4296335
2,120,43.6528741,1.4248732
2,121,43.649911,1.4221372
2,122,43.6483972,1.4220402
2,123,43.6482206,1.4230474
2,124,43.6485584,1.424135
2,125,43.649487,1.4253591
2,126,43.6129734,1.4705312
2,127,43.6127103,1.4694777
2,128,43.6123548,1.4679608
2,129,43.6141184,1.4662676
2,130,43.6136711,1.4664937
2,131,43.6068642,1.4732818
2,132,43.6080216,1.4744836
2,133,43.6085488,1.4756534
2,134,43.6065864,1.4738157
2,135,43.6062216,1.4747825
2,136,43.6075102,1.4772494
2,137,43.6085813,1.4803769
2,138,43.6073496,1.4816401
2,139,43.6063824,1.4825137
2,140,43.6070004,1.4840896
2,141,43.6072467,1.4841857
2,142,43.6105402,1.4845291
2,143,43.6238693,1.4803438
2,144,43.6310142,1.4782952
2,145,43.6348752,1.4777138
2,146,43.637241,1.4770405
2,147,43.6425982,1.4726844
2,148,43.6449382,1.4685366
2,149,43.6466862,1.4596131
2,150,43.6466383,1.4516022
2,151,43.6468188,1.4435434
2,152,43.652451,1.4296335
2,153,43.6528741,1.4248732
2,154,43.649911,1.4221372
2,155,43.6483972,1.4220402
2,156,43.6482206,1.4230474
2,157,43.6485584,1.424135
2,158,43.649487,1.4253591
2,159,43.6485584,1.424135
2,160,43.6482206,1.4230474
2,161,43.6483972,1.4220402
2,162,43.649911,1.4221372
2,163,43.6460888,1.4217085
2,164,43.6264853,1.4196748
2,165,43.6227499,1.4177692
2,166,43.6230101,1.4189364
2,167,43.6236001,1.4188656
2,168,43.6237718,1.4186634
2,169,43.6129734,1.4705312
2,170,43.6127103,1.4694777
2,171,43.6123548,1.4679608
2,172,43.6141184,1.4662676
2,173,43.6136711,1.4664937
2,174,43.6068642,1.4732818
2,175,43.6080216,1.4744836
2,176,43.6085488,1.4756534
2,177,43.6065864,1.4738157
2,178,43.6062216,1.4747825
2,179,43.6075102,1.4772494
2,180,43.6085813,1.4803769
2,181,43.6073496,1.4816401
2,182,43.6063824,1.4825137
2,183,43.6070004,1.4840896
2,184,43.6072467,1.4841857
2,185,43.6105402,1.4845291
2,186,43.6238693,1.4803438
2,187,43.6310142,1.4782952
2,188,43.6348752,1.4777138
2,189,43.637241,1.4770405
2,190,43.6425982,1.4726844
2,191,43.6449382,1.4685366
2,192,43.6466862,1.4596131
2,193,43.6466383,1.4516022
2,194,43.6468188,1.4435434
2,195,43.652451,1.4296335
2,196,43.6528741,1.4248732
2,197,43.649911,1.4221372
2,198,43.6460888,1.4217085
2,199,43.6264853,1.4196748
2,200,43.6227499,1.4177692
2,201,43.6230101,1.4189364
2,202,43.6236001,1.4188656
2,203,43.6237718,1.4186634
2,204,43.6239621,1.4180594
2,205,43.6241928,1.4170057
2,206,43.6248636,1.4139489
2,207,43.6207396,1.4179919
2,208,43.614982,1.4182294
2,209,43.6107972,1.4152498
2,210,43.6059221,1.4047266
2,211,43.60271,1.3994848
2,212,43.5966452,1.3968889
2,213,43.5920357,1.3985212
2,214,43.5872046,1.4011465
2,215,43.582899,1.4039157
2,216,43.580355,1.405557
2,217,43.5746239,1.409115
2,218,43.5688293,1.4154098
2,219,43.5651746,1.4183833
2,220,43.5568758,1.4120303
2,221,43.5555381,1.4084333
2,222,43.5565224,1.4068303
2,223,43.5568435,1.4062893
2,224,43.558144,1.402118
2,225,43.5607425,1.4049758
2,226,43.5608367,1.4050961
2,227,43.5613322,1.4057154
2,228,43.5621625,1.4067559
2,229,43.5627482,1.4074923
2,230,43.5630539,1.4078755
2,231,43.5624288,1.4095721
2,232,43.5630088,1.4102105
2,233,43.6129734,1.4705312
2,234,43.6141867,1.4693242
2,235,43.6142122,1.4665324
2,236,43.6142903,1.4663819
2,237,43.6143354,1.4663127
2,238,43.6155064,1.4651899
2,239,43.6156304,1.4651314
2,240,43.6156679,1.4649841
2,241,43.615466,1.4648261
2,242,43.6145634,1.4621999
2,243,43.6145316,1.4619163
2,244,43.6143375,1.4614608
2,245,43.6140744,1.4610578
2,246,43.6123638,1.4585105
2,247,43.6117449,1.4572784
2,248,43.6117643,1.4572353
2,249,43.6117759,1.4565642
2,250,43.6116255,1.4563097
2,251,43.6102322,1.454966
2,252,43.6095375,1.4542877
2,253,43.609291,1.453855
2,254,43.6100439,1.4530982
2,255,43.6103919,1.4528971
2,256,43.6129734,1.4705312
2,257,43.6127103,1.4694777
2,258,43.6123548,1.4679608
2,259,43.6141184,1.4662676
2,260,43.6136711,1.4664937
2,261,43.6068642,1.4732818
2,262,43.6067617,1.4733079
2,263,43.6067975,1.4731807
2,264,43.6043404,1.474364
2,265,43.6040688,1.474593
2,266,43.600803,1.4759971
2,267,43.6009467,1.4761019
2,268,43.600546,1.4767451
2,269,43.6004307,1.4769718
2,270,43.5998023,1.4782871
2,271,43.5996585,1.4785429
2,272,43.5980425,1.4794971
2,273,43.5971764,1.4791785
2,274,43.5963588,1.4783162
2,275,43.5956268,1.4807577
2,276,43.5963588,1.4783162
2,277,43.5946312,1.4784128
2,278,43.5940239,1.4786482
2,279,43.5917244,1.4789486
2,280,43.5896605,1.4787848
2,281,43.5895237,1.4786381
2,282,43.5893989,1.4785128
2,283,43.5893043,1.4786377
2,284,43.589173,1.4788102
2,285,43.5885359,1.4792718
2,286,43.5867711,1.4888568
2,287,43.5868687,1.4890565
2,288,43.5875868,1.490337
2,289,43.5874926,1.4908656
2,290,43.5873155,1.4909935
2,291,43.5869477,1.4910205
2,292,43.5844985,1.4922574
2,293,43.5842424,1.4923495
2,294,43.5840838,1.4922916
2,295,43.5839944,1.4923561
2,296,43.5839403,1.4925866
2,297,43.5838296,1.4928125
2,298,43.5826727,1.49373
2,299,43.5817413,1.4940811
2,300,43.5814903,1.4942656
2,301,43.5812089,1.4944465
2,302,43.5809605,1.4945207
2,303,43.5787115,1.4964037
2,304,43.5784932,1.4965236
2,305,43.5782822,1.4965746
2,306,43.5780109,1.4965835
2,307,43.5734682,1.4936164
2,308,43.5733251,1.493457
2,309,43.5730569,1.4934826
2,310,43.5729185,1.4938805
2,311,43.5728135,1.49426
2,312,43.5727593,1.4944943
2,313,43.5725115,1.4951964
2,314,43.572442,1.4953774
2,315,43.572313,1.4957434
2,316,43.5713235,1.4984372
2,317,43.5718308,1.4989538
2,318,43.57292,1.5000113
2,319,43.5732824,1.5004069
2,320,43.5738719,1.5009662
2,321,43.5739788,1.5011101
2,322,43.5746157,1.5033498
2,323,43.5745093,1.5043521
2,324,43.5744151,1.5044839
2,325,43.5745093,1.5043521
2,326,43.5746157,1.5033498
2,327,43.5739788,1.5011101
2,328,43.5738719,1.5009662
2,329,43.5732824,1.5004069
2,330,43.57292,1.5000113
2,331,43.5718308,1.4989538
2,332,43.5713235,1.4984372
2,333,43.5711028,1.4983829
2,334,43.5722328,1.4956002
2,335,43.571609,1.4950659
2,336,43.5690783,1.4939067
2,337,43.564748,1.4937556
2,338,43.5599113,1.4940125
2,339,43.5568897,1.4943213
2,340,43.5594006,1.4896599
2,341,43.5647842,1.4850813
2,342,43.5702247,1.477134
2,343,43.5734536,1.46575
2,344,43.5722831,1.4553975
2,345,43.5735792,1.4501146
2,346,43.5759009,1.4432499
2,347,43.5741052,1.4401242
2,348,43.5747488,1.436724
2,349,43.5768542,1.4362371
2,350,43.5773759,1.4363027
2,351,43.5790234,1.4368231
2,352,43.5812874,1.4383811
2,353,43.5823206,1.4389731
2,354,43.5855832,1.4394687
2,355,43.5883533,1.4397137
2,356,43.5889899,1.4402555
2,357,43.5897732,1.4408615
2,358,43.5906626,1.4411949
2,359,43.5915026,1.4414143
2,360,43.5916351,1.441504
2,361,43.5932472,1.4429452
2,362,43.5934232,1.4425512
2,363,43.5944262,1.4407714
2,364,43.5945297,1.4408261
2,365,43.5945659,1.4406318
2,366,43.5975129,1.4402334
2,367,43.5996169,1.440537
2,368,43.6000695,1.4401636
2,369,43.6012795,1.4397604
2,370,43.6015398,1.439697
2,371,43.6019612,1.4391151
2,372,43.601963,1.4388416
2,373,43.6021,1.4386564
2,374,43.6046044,1.4405203
2,375,43.6047056,1.4413489
2,376,43.6050228,1.4405767
2,377,43.6063172,1.4387339
2,378,43.6064658,1.4385799
2,379,43.6084319,1.4371379
2,380,43.6085422,1.4372747
2,381,43.6086071,1.4371905
2,382,43.6096328,1.4365217
2,383,43.6111053,1.4376093
2,384,43.6111842,1.4375609
2,385,43.6109569,1.4368326
2,386,43.6110661,1.4368724
2,387,43.6118173,1.4364156
2,388,43.6133823,1.4354687
2,389,43.6136549,1.4353037
2,390,43.6151483,1.434445
2,391,43.6154039,1.4351622
2,392,43.6158342,1.4372587
2,393,43.6162535,1.437123
2,394,43.6161564,1.4366622
2,395,43.6169461,1.4369793
2,396,43.6172623,1.4368753
2,397,43.6171579,1.436172
2,398,43.6177682,1.4359794
2,399,43.6182536,1.4356511
2,400,43.6193149,1.4350956
2,401,43.619901,1.4347888
2,402,43.6206301,1.4342806
2,403,43.6217212,1.4333522
2,404,43.6223424,1.4328007
2,405,43.6233735,1.4322699
2,406,43.623799,1.4320278
2,407,43.6234929,1.4309035
2,408,43.6230395,1.4286984
2,409,43.6226026,1.4287234
2,410,43.6225321,1.4287332
2,411,43.6226026,1.4287234
2,412,43.6230395,1.4286984
2,413,43.6234929,1.4309035
2,414,43.623799,1.4320278
2,415,43.6240711,1.4318864
2,416,43.6251224,1.4312332
2,417,43.6255503,1.4340021
2,418,43.6259408,1.4339427
2,419,43.6259459,1.4340454
2,420,43.6259049,1.4370974
2,421,43.6261645,1.4371165
2,422,43.6272771,1.437258
2,423,43.6278283,1.4373428
2,424,43.6282246,1.4374283
2,425,43.6299736,1.4378332
2,426,43.6311573,1.4381259
2,427,43.6337978,1.438555
2,428,43.63387,1.438508
2,429,43.636329,1.4387946
2,430,43.6365714,1.4388926
2,431,43.6368075,1.4390064
2,432,43.6394095,1.4392328
2,433,43.640675,1.4391882
2,434,43.642282,1.4391172
2,435,43.6443928,1.4391984
2,436,43.6444296,1.4391983
2,437,43.6464042,1.4392154
2,438,43.6467874,1.4391659
2,439,43.647107,1.439779
2,440,43.6468188,1.4435434
2,441,43.6466383,1.4516022
2,442,43.6460638,1.4542508
2,443,43.6457619,1.4548122
2,444,43.6450755,1.4548853
2,445,43.6431827,1.4557133
2,446,43.6419182,1.4539441
2,447,43.6419089,1.4538594
2,448,43.641979,1.4536888
2,449,43.6419089,1.4538594
2,450,43.6419182,1.4539441
2,451,43.6418343,1.4540879
2,452,43.6431353,1.4559311
2,453,43.6429751,1.4568858
2,454,43.6429506,1.457027
2,455,43.6428272,1.4569766
2,456,43.6420013,1.4581289
2,457,43.6419394,1.4589947
2,458,43.6416161,1.4602925
2,459,43.6410909,1.4601903
2,460,43.6412031,1.4628559
2,461,43.6417808,1.4631508
2,462,43.6412031,1.4628559
2,463,43.6410909,1.4601903
2,464,43.6416161,1.4602925
2,465,43.6419394,1.4589947
2,466,43.6420013,1.4581289
2,467,43.6428272,1.4569766
2,468,43.6428561,1.4568379
2,469,43.6429751,1.4568858
2,470,43.6431353,1.4559311
2,471,43.6431827,1.4557133
2,472,43.6450755,1.4548853
2,473,43.6457619,1.4548122
2,474,43.6460638,1.4542508
2,475,43.6466383,1.4516022
2,476,43.6468188,1.4435434
2,477,43.652451,1.4296335
2,478,43.6528741,1.4248732
2,479,43.649911,1.4221372
2,480,43.6460888,1.4217085
2,481,43.6264853,1.4196748
2,482,43.6227499,1.4177692
2,483,43.6208541,1.4181549
2,484,43.6151399,1.4184144
2,485,43.6089373,1.4119319
2,486,43.6065391,1.406499
2,487,43.6042738,1.4018869
2,488,43.6045213,1.4000532
2,489,43.6052052,1.4031314
2,490,43.6058328,1.4017244
2,491,43.605995,1.4018459
2,492,43.6062299,1.401888
2,493,43.6077514,1.4019846
2,494,43.6092987,1.401847
2,495,43.6102699,1.4018519
2,496,43.6114133,1.4016962
2,497,43.6115975,1.401667
2,498,43.6130798,1.401497
2,499,43.6133704,1.4015582
3,0,43.6213085,1.4733641
3,1,43.6215615,1.4735024
3,2,43.6216487,1.4735511
3,3,43.6222657,1.4738356
3,4,43.6226321,1.4740559
3,5,43.6239207,1.4747238
3,6,43.6246388,1.4747895
3,7,43.6250918,1.475122
3,8,43.6246388,1.4747895
3,9,43.6230789,1.473144
3,10,43.6228122,1.4735205
3,11,43.6200139,1.4698045
3,12,43.6195352,1.469141
3,13,43.6196052,1.4688911
3,14,43.6176664,1.4660074
3,15,43.6171633,1.4654644
3,16,43.6156679,1.4649841
3,17,43.615466,1.4648261
3,18,43.6145634,1.4621999
3,19,43.6145316,1.4619163
3,20,43.6143375,1.4614608
3,21,43.6140744,1.4610578
3,22,43.6123638,1.4585105
3,23,43.6117449,1.4572784
3,24,43.6117643,1.4572353
3,25,43.6117759,1.4565642
3,26,43.6116255,1.4563097
3,27,43.6102322,1.454966
3,28,43.6095375,1.4542877
3,29,43.6094748,1.4543622
3,30,43.6064508,1.4564679
3,31,43.6063692,1.4559091
3,32,43.6050307,1.4566131
3,33,43.6037227,1.4565916
3,34,43.6035854,1.4565833
3,35,43.6032892,1.4565849
3,36,43.5992849,1.4560512
3,37,43.5976438,1.4560194
3,38,43.5970262,1.4559352
3,39,43.5969468,1.4559024
3,40,43.5967686,1.455759
3,41,43.5960937,1.4539312
3,42,43.5960178,1.4538758
3,43,43.5958271,1.4539879
3,44,43.5950803,1.4537015
3,45,43.5948257,1.453076
3,46,43.5948442,1.4523599
3,47,43.5912844,1.4528441
3,48,43.5911206,1.4523066
3,49,43.5899632,1.4497609
3,50,43.5896549,1.4490795
3,51,43.5885623,1.4505669
3,52,43.5883703,1.4506654
3,53,43.5873085,1.4489415
3,54,43.5870896,1.448324
3,55,43.6206259,1.4734674
3,56,43.6213085,1.4733641
3,57,43.6200609,1.4714469
3,58,43.6191291,1.4699216
3,59,43.6190635,1.4698004
3,60,43.6193078,1.4695075
3,61,43.6187572,1.4682444
3,62,43.6189385,1.4680703
3,63,43.6171226,1.4655646
3,64,43.6171633,1.4654644
3,65,43.6156679,1.4649841
3,66,43.615466,1.4648261
3,67,43.6145634,1.4621999
3,68,43.6145316,1.4619163
3,69,43.6143375,1.4614608
3,70,43.6140744,1.4610578
3,71,43.6123638,1.4585105
3,72,43.6117449,1.4572784
3,73,43.6117643,1.4572353
3,74,43.6117759,1.4565642
3,75,43.6116255,1.4563097
3,76,43.6102322,1.454966
3,77,43.6095375,1.4542877
3,78,43.6094748,1.4543622
3,79,43.6064508,1.4564679
3,80,43.6063692,1.4559091
3,81,43.6050307,1.4566131
3,82,43.6037227,1.4565916
3,83,43.6035854,1.4565833
3,84,43.6032892,1.4565849
3,85,43.5992849,1.4560512
3,86,43.5976438,1.4560194
3,87,43.5970262,1.4559352
3,88,43.5969468,1.4559024
3,89,43.5967686,1.455759
3,90,43.5960937,1.4539312
3,91,43.5960178,1.4538758
3,92,43.5958271,1.4539879
3,93,43.5950803,1.4537015
3,94,43.5948257,1.453076
3,95,43.5948442,1.4523599
3,96,43.5912844,1.4528441
3,97,43.5911206,1.4523066
3,98,43.5899632,1.4497609
3,99,43.5896549,1.4490795
3,100,43.5885623,1.4505669
3,101,43.5883703,1.4506654
3,102,43.5873085,1.4489415
3,103,43.5870896,1.448324
3,104,43.5866477,1.4469916
3,105,43.5887278,1.446168
3,106,43.5884678,1.4444247
3,107,43.5883508,1.4443961
3,108,43.5882185,1.4424461
3,109,43.5881992,1.4421767
3,110,43.5882314,1.4412397
3,111,43.5882955,1.4401303
3,112,43.5883502,1.4398601
3,113,43.5883533,1.4397137
3,114,43.5855832,1.4394687
3,115,43.5823206,1.4389731
3,116,43.5812874,1.4383811
3,117,43.5790234,1.4368231
3,118,43.5773759,1.4363027
3,119,43.5768542,1.4362371
3,120,43.5747488,1.436724
3,121,43.5737907,1.437974
3,122,43.5732315,1.4377739
3,123,43.5704039,1.4290056
3,124,43.5690801,1.4220875
3,125,43.5651746,1.4183833
3,126,43.5568758,1.4120303
3,127,43.5555381,1.4084333
3,128,43.5565224,1.4068303
3,129,43.5568435,1.4062893
3,130,43.558144,1.402118
3,131,43.5607425,1.4049758
3,132,43.5608367,1.4050961
3,133,43.5613322,1.4057154
3,134,43.5621625,1.4067559
3,135,43.5627482,1.4074923
3,136,43.5630539,1.4078755
3,137,43.5624288,1.4095721
3,138,43.5630088,1.4102105
3,139,43.6206259,1.4734674
3,140,43.6213085,1.4733641
3,141,43.6215615,1.4735024
3,142,43.6216487,1.4735511
3,143,43.6222657,1.4738356
3,144,43.6226321,1.4740559
3,145,43.6239207,1.4747238
3,146,43.6246388,1.4747895
3,147,43.6250918,1.475122
3,148,43.6264239,1.4765164
3,149,43.6267335,1.4774338
3,150,43.6267929,1.4777347
3,151,43.6271376,1.477595
3,152,43.6276473,1.4784698
3,153,43.6281529,1.4793856
3,154,43.6314086,1.4784377
3,155,43.6345797,1.477994
3,156,43.6393779,1.4761219
3,157,43.64329,1.4719937
3,158,43.6464199,1.463805
3,159,43.6468673,1.4583263
3,160,43.646828,1.4530681
3,161,43.64699,1.4432656
3,162,43.6481648,1.438989
3,163,43.6487014,1.4389161
3,164,43.6513568,1.4382565
3,165,43.6514682,1.4380804
3,166,43.6515649,1.4382059
3,167,43.6526981,1.4378567
3,168,43.6534807,1.4375901
3,169,43.6536148,1.4373231
3,170,43.6545344,1.4369629
3,171,43.6562558,1.4362407
3,172,43.6573161,1.4357798
3,173,43.6578725,1.4355471
3,174,43.6583125,1.4353416
3,175,43.6587171,1.435187
3,176,43.6599784,1.4346559
3,177,43.6609418,1.4342496
3,178,43.6616734,1.4339478
3,179,43.6618456,1.4339442
3,180,43.6618758,1.4339661
3,181,43.6619694,1.4341933
3,182,43.6618758,1.4339661
3,183,43.6618456,1.4339442
3,184,43.6616734,1.4339478
3,185,43.6609418,1.4342496
3,186,43.6599784,1.4346559
3,187,43.6587171,1.435187
3,188,43.6583125,1.4353416
3,189,43.6578725,1.4355471
3,190,43.6573161,1.4357798
3,191,43.6562558,1.4362407
3,192,43.6545344,1.4369629
3,193,43.6536148,1.4373231
3,194,43.6534807,1.4375901
3,195,43.6526981,1.4378567
3,196,43.6515649,1.4382059
3,197,43.6514682,1.4380804
3,198,43.6513568,1.4382565
3,199,43.6487014,1.4389161
3,200,43.6481648,1.438989
3,201,43.64699,1.4432656
3,202,43.6513191,1.4307339
3,203,43.6594392,1.4263104
3,204,43.6528741,1.4248732
3,205,43.649911,1.4221372
3,206,43.6460888,1.4217085
3,207,43.6264853,1.4196748
3,208,43.6227499,1.4177692
3,209,43.6208541,1.4181549
3,210,43.6151399,1.4184144
3,211,43.6089373,1.4119319
3,212,43.6065391,1.406499
3,213,43.6042738,1.4018869
3,214,43.6045213,1.4000532
3,215,43.6054349,1.3961005
3,216,43.606132,1.3933899
3,217,43.6093273,1.386953
3,218,43.6114802,1.3822084
3,219,43.6112059,1.3774886
3,220,43.6089259,1.3659473
3,221,43.6091707,1.3579482
3,222,43.6093554,1.3555239
3,223,43.6097101,1.3548062
3,224,43.6097791,1.3548058
3,225,43.6206259,1.4734674
3,226,43.6213085,1.4733641
3,227,43.6215615,1.4735024
3,228,43.6216487,1.4735511
3,229,43.6222657,1.4738356
3,230,43.6226321,1.4740559
3,231,43.6239207,1.4747238
3,232,43.6246388,1.4747895
3,233,43.6250918,1.475122
3,234,43.6264239,1.4765164
3,235,43.6267335,1.4774338
3,236,43.6267929,1.4777347
3,237,43.6271376,1.477595
3,238,43.6276473,1.4784698
3,239,43.6310142,1.4782952
3,240,43.6348752,1.4777138
3,241,43.637241,1.4770405
3,242,43.6425982,1.4726844
3,243,43.6449382,1.4685366
3,244,43.6466862,1.4596131
3,245,43.6466383,1.4516022
3,246,43.6468188,1.4435434
3,247,43.652451,1.4296335
3,248,43.6528741,1.4248732
3,249,43.649911,1.4221372
3,250,43.6460888,1.4217085
3,251,43.6264853,1.4196748
3,252,43.6227499,1.4177692
3,253,43.6208541,1.4181549
3,254,43.6151399,1.4184144
3,255,43.6089373,1.4119319
3,256,43.6065391,1.406499
3,257,43.6042738,1.4018869
3,258,43.6045213,1.4000532
3,259,43.6054349,1.3961005
3,260,43.606132,1.3933899
3,261,43.6093273,1.386953
3,262,43.6114802,1.3822084
3,263,43.6112059,1.3774886
3,264,43.6089259,1.3659473
3,265,43.6091707,1.3579482
3,266,43.6093554,1.3555239
3,267,43.6097101,1.3548062
3,268,43.6097791,1.3548058
3,269,43.6206259,1.4734674
3,270,43.6213085,1.4733641
3,271,43.6215615,1.4735024
3,272,43.6216487,1.4735511
3,273,43.6222657,1.4738356
3,274,43.6226321,1.4740559
3,275,43.6239207,1.4747238
3,276,43.6246388,1.4747895
3,277,43.6250918,1.475122
3,278,43.6264239,1.4765164
3,279,43.6267335,1.4774338
3,280,43.6267929,1.4777347
3,281,43.6271376,1.477595
3,282,43.6276473,1.4784698
3,283,43.6310142,1.4782952
3,284,43.6348752,1.4777138
3,285,43.637241,1.4770405
3,286,43.6425982,1.4726844
3,287,43.6449382,1.4685366
3,288,43.6466862,1.4596131
3,289,43.6466383,1.4516022
3,290,43.6468188,1.4435434
3,291,43.652451,1.4296335
3,292,43.6528741,1.4248732
3,293,43.649911,1.4221372
3,294,43.6460888,1.4217085
3,295,43.6264853,1.4196748
3,296,43.6227499,1.4177692
3,297,43.6208541,1.4181549
3,298,43.6151399,1.4184144
3,299,43.6089373,1.4119319
3,300,43.6065391,1.406499
3,301,43.6042738,1.4018869
3,302,43.6045213,1.4000532
3,303,43.6054349,1.3961005
3,304,43.606132,1.3933899
3,305,43.6093273,1.386953
3,306,43.6114802,1.3822084
3,307,43.6112059,1.3774886
3,308,43.6089259,1.3659473
3,309,43.6091707,1.3579482
3,310,43.6093554,1.3555239
3,311,43.6097101,1.3548062
3,312,43.6097791,1.3548058
3,313,43.6206259,1.4734674
3,314,43.6213085,1.4733641
3,315,43.6215615,1.4735024
3,316,43.6216487,1.4735511
3,317,43.6222657,1.4738356
3,318,43.6226321,1.4740559
3,319,43.6239207,1.4747238
3,320,43.6246388,1.4747895
3,321,43.6250918,1.475122
3,322,43.6264239,1.4765164
3,323,43.6267335,1.4774338
3,324,43.6267929,1.4777347
3,325,43.6271376,1.477595
3,326,43.6276473,1.4784698
3,327,43.6310142,1.4782952
3,328,43.6348752,1.4777138
3,329,43.637241,1.4770405
3,330,43.6425982,1.4726844
3,331,43.6449382,1.4685366
3,332,43.6466862,1.4596131
3,333,43.6466383,1.4516022
3,334,43.6468188,1.4435434
3,335,43.652451,1.4296335
3,336,43.6528741,1.4248732
3,337,43.649911,1.4221372
3,338,43.6460888,1.4217085
3,339,43.6264853,1.4196748
3,340,43.6227499,1.4177692
3,341,43.6208541,1.4181549
3,342,43.6151399,1.4184144
3,343,43.6089373,1.4119319
3,344,43.6065391,1.406499
3,345,43.6042738,1.4018869
3,346,43.6045213,1.4000532
3,347,43.6054349,1.3961005
3,348,43.606132,1.3933899
3,349,43.6093273,1.386953
3,350,43.6114802,1.3822084
3,351,43.6112059,1.3774886
3,352,43.6089259,1.3659473
3,353,43.6091707,1.3579482
3,354,43.6093554,1.3555239
3,355,43.6097101,1.3548062
3,356,43.6097791,1.3548058
3,357,43.6206259,1.4734674
3,358,43.6213085,1.4733641
3,359,43.6215615,1.4735024
3,360,43.6216487,1.4735511
3,361,43.6222657,1.4738356
3,362,43.6226321,1.4740559
3,363,43.6239207,1.4747238
3,364,43.6246388,1.4747895
3,365,43.6250918,1.475122
3,366,43.6264239,1.4765164
3,367,43.6267335,1.4774338
3,368,43.6267929,1.4777347
3,369,43.6271376,1.477595
3,370,43.6276473,1.4784698
3,371,43.6310142,1.4782952
3,372,43.6348752,1.4777138
3,373,43.637241,1.4770405
3,374,43.6425982,1.4726844
3,375,43.6449382,1.4685366
3,376,43.6466862,1.4596131
3,377,43.6466383,1.4516022
3,378,43.6468188,1.4435434
3,379,43.652451,1.4296335
3,380,43.6528741,1.4248732
3,381,43.649911,1.4221372
3,382,43.6460888,1.4217085
3,383,43.6264853,1.4196748
3,384,43.6227499,1.4177692
3,385,43.6208541,1.4181549
3,386,43.6151399,1.4184144
3,387,43.6089373,1.4119319
3,388,43.6065391,1.406499
3,389,43.6042738,1.4018869
3,390,43.6045213,1.4000532
3,391,43.6054349,1.3961005
3,392,43.606132,1.3933899
3,393,43.6093273,1.386953
3,394,43.6114802,1.3822084
3,395,43.6112059,1.3774886
3,396,43.6089259,1.3659473
3,397,43.6091707,1.3579482
3,398,43.6093554,1.3555239
3,399,43.6097101,1.3548062
3,400,43.6097791,1.3548058
3,401,43.6206259,1.4734674
3,402,43.6213085,1.4733641
3,403,43.6215615,1.4735024
3,404,43.6216487,1.4735511
3,405,43.6222657,1.4738356
3,406,43.6226321,1.4740559
3,407,43.6239207,1.4747238
3,408,43.6246388,1.4747895
3,409,43.6250918,1.475122
3,410,43.6264239,1.4765164
3,411,43.6267335,1.4774338
3,412,43.6267929,1.4777347
3,413,43.6271376,1.477595
3,414,43.6276473,1.4784698
3,415,43.6310142,1.4782952
3,416,43.6348752,1.4777138
3,417,43.637241,1.4770405
3,418,43.6425982,1.4726844
3,419,43.6449382,1.4685366
3,420,43.6466862,1.4596131
3,421,43.6466383,1.4516022
3,422,43.6468188,1.4435434
3,423,43.652451,1.4296335
3,424,43.6528741,1.4248732
3,425,43.649911,1.4221372
3,426,43.6460888,1.4217085
3,427,43.6264853,1.4196748
3,428,43.6227499,1.4177692
3,429,43.6208541,1.4181549
3,430,43.6151399,1.4184144
3,431,43.6089373,1.4119319
3,432,43.6065391,1.406499
3,433,43.6042738,1.4018869
3,434,43.6045213,1.4000532
3,435,43.6054349,1.3961005
3,436,43.606132,1.3933899
3,437,43.6093273,1.386953
3,438,43.6114802,1.3822084
3,439,43.6112059,1.3774886
3,440,43.6089259,1.3659473
3,441,43.6091707,1.3579482
3,442,43.6093554,1.3555239
3,443,43.6097101,1.3548062
3,444,43.6097791,1.3548058
3,445,43.6206259,1.4734674
3,446,43.6213085,1.4733641
3,447,43.6215615,1.4735024
3,448,43.6216487,1.4735511
3,449,43.6222657,1.4738356
3,450,43.6226321,1.4740559
3,451,43.6239207,1.4747238
3,452,43.6246388,1.4747895
3,453,43.6250918,1.475122
3,454,43.6264239,1.4765164
3,455,43.6267335,1.4774338
3,456,43.6267929,1.4777347
3,457,43.6271376,1.477595
3,458,43.6276473,1.4784698
3,459,43.6310142,1.4782952
3,460,43.6348752,1.4777138
3,461,43.637241,1.4770405
3,462,43.6425982,1.4726844
3,463,43.6449382,1.4685366
3,464,43.6466862,1.4596131
3,465,43.6466383,1.4516022
3,466,43.6468188,1.4435434
3,467,43.652451,1.4296335
3,468,43.6528741,1.4248732
3,469,43.649911,1.4221372
3,470,43.6460888,1.4217085
3,471,43.6264853,1.4196748
3,472,43.6227499,1.4177692
3,473,43.6208541,1.4181549
3,474,43.6151399,1.4184144
3,475,43.6089373,1.4119319
3,476,43.6065391,1.406499
3,477,43.6042738,1.4018869
3,478,43.6045213,1.4000532
3,479,43.6054349,1.3961005
3,480,43.606132,1.3933899
3,481,43.6093273,1.386953
3,482,43.6114802,1.3822084
3,483,43.6112059,1.3774886
3,484,43.6089259,1.3659473
3,485,43.6091707,1.3579482
3,486,43.6093554,1.3555239
3,487,43.6097101,1.3548062
3,488,43.6097791,1.3548058
3,489,43.6206259,1.4734674
3,490,43.6213085,1.4733641
3,491,43.6215615,1.4735024
3,492,43.6216487,1.4735511
3,493,43.6222657,1.4738356
3,494,43.6226321,1.4740559
3,495,43.6239207,1.4747238
3,496,43.6246388,1.4747895
3,497,43.6250918,1.475122
3,498,43.6264239,1.4765164
3,499,43.6267335,1.4774338
4,0,43.5784633,1.379418
4,1,43.5781862,1.3790509
4,2,43.5780873,1.3789808
4,3,43.5751892,1.3808666
4,4,43.5750535,1.3809543
4,5,43.5745384,1.3813075
4,6,43.5723106,1.3829097
4,7,43.5704957,1.3861118
4,8,43.5702514,1.3904678
4,9,43.5703581,1.390767
4,10,43.5714369,1.3920638
4,11,43.5745826,1.3956799
4,12,43.5747242,1.3957843
4,13,43.5747261,1.3963133
4,14,43.578372,1.3944763
4,15,43.5784794,1.3945392
4,16,43.5787966,1.3942358
4,17,43.5811514,1.396324
4,18,43.5826385,1.3974796
4,19,43.584517,1.3994575
4,20,43.5848901,1.4002587
4,21,43.5872046,1.4011465
4,22,43.5920357,1.3985212
4,23,43.5966452,1.3968889
4,24,43.60271,1.3994848
4,25,43.6047588,1.3983752
4,26,43.6065391,1.406499
4,27,43.6089373,1.4119319
4,28,43.6101216,1.4161184
4,29,43.6104733,1.4182341
4,30,43.6108476,1.4189401
4,31,43.6110301,1.4200401
4,32,43.6117693,1.4246662
4,33,43.6118716,1.4253568
4,34,43.6119866,1.4260957
4,35,43.6124783,1.4281568
4,36,43.6125431,1.4284558
4,37,43.612674,1.4290216
4,38,43.614607,1.433426
4,39,43.6151483,1.434445
4,40,43.6154039,1.4351622
4,41,43.615994,1.4390084
4,42,43.6149988,1.4423976
4,43,43.5787952,1.3801577
4,44,43.5790563,1.3799587
4,45,43.579831,1.3797014
4,46,43.5804651,1.3799872
4,47,43.5807724,1.3801353
4,48,43.5813432,1.3797765
4,49,43.5829566,1.3811318
4,50,43.5843841,1.3815569
4,51,43.5851637,1.3850156
4,52,43.5854821,1.3868515
4,53,43.5856821,1.3879471
4,54,43.5862123,1.3902339
4,55,43.5876773,1.3943692
4,56,43.5877953,1.3943284
4,57,43.5878499,1.3945519
4,58,43.5913567,1.3981657
4,59,43.5918702,1.3984521
4,60,43.5920639,1.3986706
4,61,43.592079,1.3993726
4,62,43.591837,1.3994717
4,63,43.5899335,1.4001748
4,64,43.5933698,1.4089518
4,65,43.5930395,1.4099058
4,66,43.5927644,1.4111953
4,67,43.5928433,1.4122823
4,68,43.5922778,1.4126204
4,69,43.5916639,1.4129757
4,70,43.5894988,1.4142709
4,71,43.5898342,1.4151853
4,72,43.5901074,1.4159195
4,73,43.5874099,1.4173922
4,74,43.5876077,1.4181156
4,75,43.5883979,1.4208066
4,76,43.5886811,1.4211529
4,77,43.5893926,1.4218999
4,78,43.5910267,1.4248388
4,79,43.5918773,1.4265967
4,80,43.5935253,1.425208
4,81,43.5942571,1.4272283
4,82,43.5930541,1.4285201
4,83,43.5936146,1.4293624
4,84,43.5957319,1.4313977
4,85,43.5959004,1.4319023
4,86,43.5960141,1.4320648
4,87,43.5968612,1.4314673
4,88,43.5976933,1.4308076
4,89,43.5787952,1.3801577
4,90,43.5790563,1.3799587
4,91,43.579831,1.3797014
4,92,43.5804651,1.3799872
4,93,43.5807724,1.3801353
4,94,43.5813432,1.3797765
4,95,43.5829566,1.3811318
4,96,43.5843841,1.3815569
4,97,43.5851637,1.3850156
4,98,43.5854821,1.3868515
4,99,43.5856821,1.3879471
4,100,43.5862123,1.3902339
4,101,43.5876773,1.3943692
4,102,43.5877953,1.3943284
4,103,43.5878499,1.3945519
4,104,43.5913567,1.3981657
4,105,43.5918702,1.3984521
4,106,43.5920639,1.3986706
4,107,43.592079,1.3993726
4,108,43.591837,1.3994717
4,109,43.5899335,1.4001748
4,110,43.5933698,1.4089518
4,111,43.5930395,1.4099058
4,112,43.5927644,1.4111953
4,113,43.5928433,1.4122823
4,114,43.5922778,1.4126204
4,115,43.5916639,1.4129757
4,116,43.5894988,1.4142709
4,117,43.5898342,1.4151853
4,118,43.5901074,1.4159195
4,119,43.5874099,1.4173922
4,120,43.5876077,1.4181156
4,121,43.5883979,1.4208066
4,122,43.5886811,1.4211529
4,123,43.5893926,1.4218999
4,124,43.5910267,1.4248388
4,125,43.5918773,1.4265967
4,126,43.5935253,1.425208
4,127,43.5942571,1.4272283
4,128,43.5930541,1.4285201
4,129,43.5936146,1.4293624
4,130,43.5957319,1.4313977
4,131,43.5959004,1.4319023
4,132,43.5960141,1.4320648
4,133,43.5968612,1.4314673
4,134,43.5976933,1.4308076
4,135,43.5787952,1.3801577
4,136,43.5790563,1.3799587
4,137,43.579831,1.3797014
4,138,43.5804651,1.3799872
4,139,43.5807724,1.3801353
4,140,43.5813432,1.3797765
4,141,43.5829566,1.3811318
4,142,43.5843841,1.3815569
4,143,43.5851637,1.3850156
4,144,43.5854821,1.3868515
4,145,43.5856821,1.3879471
4,146,43.5862123,1.3902339
4,147,43.5876773,1.3943692
4,148,43.5877953,1.3943284
4,149,43.5878499,1.3945519
4,150,43.5913567,1.3981657
4,151,43.5918702,1.3984521
4,152,43.5920639,1.3986706
4,153,43.592079,1.3993726
4,154,43.591837,1.3994717
4,155,43.5899335,1.4001748
4,156,43.5933698,1.4089518
4,157,43.5930395,1.4099058
4,158,43.5927644,1.4111953
4,159,43.5928433,1.4122823
4,160,43.5922778,1.4126204
4,161,43.5916639,1.4129757
4,162,43.5894988,1.4142709
4,163,43.5898342,1.4151853
4,164,43.5901074,1.4159195
4,165,43.5874099,1.4173922
4,166,43.5876077,1.4181156
4,167,43.5883979,1.4208066
4,168,43.5886811,1.4211529
4,169,43.5893926,1.4218999
4,170,43.5910267,1.4248388
4,171,43.5918773,1.4265967
4,172,43.5935253,1.425208
4,173,43.5942571,1.4272283
4,174,43.5930541,1.4285201
4,175,43.5936146,1.4293624
4,176,43.5957319,1.4313977
4,177,43.5959004,1.4319023
4,178,43.5960141,1.4320648
4,179,43.5968612,1.4314673
4,180,43.5976933,1.4308076
4,181,43.5787952,1.3801577
4,182,43.5790563,1.3799587
4,183,43.579831,1.3797014
4,184,43.5804651,1.3799872
4,185,43.5807724,1.3801353
4,186,43.5813432,1.3797765
4,187,43.5829566,1.3811318
4,188,43.5843841,1.3815569
4,189,43.5851637,1.3850156
4,190,43.5854821,1.3868515
4,191,43.5856821,1.3879471
4,192,43.5862123,1.3902339
4,193,43.5876773,1.3943692
4,194,43.5877953,1.3943284
4,195,43.5878499,1.3945519
4,196,43.5913567,1.3981657
4,197,43.5918702,1.3984521
4,198,43.5920639,1.3986706
4,199,43.592079,1.3993726
4,200,43.591837,1.3994717
4,201,43.5899335,1.4001748
4,202,43.5933698,1.4089518
4,203,43.5930395,1.4099058
4,204,43.5927644,1.4111953
4,205,43.5928433,1.4122823
4,206,43.5922778,1.4126204
4,207,43.5916639,1.4129757
4,208,43.5894988,1.4142709
4,209,43.5898342,1.4151853
4,210,43.5901074,1.4159195
4,211,43.5874099,1.4173922
4,212,43.5876077,1.4181156
4,213,43.5883979,1.4208066
4,214,43.5886811,1.4211529
4,215,43.5893926,1.4218999
4,216,43.5910267,1.4248388
4,217,43.5918773,1.4265967
4,218,43.5935253,1.425208
4,219,43.5942571,1.4272283
4,220,43.5930541,1.4285201
4,221,43.5936146,1.4293624
4,222,43.5957319,1.4313977
4,223,43.5959004,1.4319023
4,224,43.5960141,1.4320648
4,225,43.5968612,1.4314673
4,226,43.5976933,1.4308076
4,227,43.5787952,1.3801577
4,228,43.5790563,1.3799587
4,229,43.579831,1.3797014
4,230,43.5804651,1.3799872
4,231,43.5807724,1.3801353
4,232,43.5813432,1.3797765
4,233,43.5829566,1.3811318
4,234,43.5843841,1.3815569
4,235,43.5851637,1.3850156
4,236,43.5854821,1.3868515
4,237,43.5856821,1.3879471
4,238,43.5862123,1.3902339
4,239,43.5876773,1.3943692
4,240,43.5877953,1.3943284
4,241,43.5878499,1.3945519
4,242,43.5913567,1.3981657
4,243,43.5918702,1.3984521
4,244,43.5920639,1.3986706
4,245,43.592079,1.3993726
4,246,43.591837,1.3994717
4,247,43.5899335,1.4001748
4,248,43.5933698,1.4089518
4,249,43.5930395,1.4099058
4,250,43.5927644,1.4111953
4,251,43.5928433,1.4122823
4,252,43.5922778,1.4126204
4,253,43.5916639,1.4129757
4,254,43.5894988,1.4142709
4,255,43.5898342,1.4151853
4,256,43.5901074,1.4159195
4,257,43.5874099,1.4173922
4,258,43.5876077,1.4181156
4,259,43.5883979,1.4208066
4,260,43.5886811,1.4211529
4,261,43.5893926,1.4218999
4,262,43.5910267,1.4248388
4,263,43.5918773,1.4265967
4,264,43.5935253,1.425208
4,265,43.5942571,1.4272283
4,266,43.5930541,1.4285201
4,267,43.5936146,1.4293624
4,268,43.5957319,1.4313977
4,269,43.5959004,1.4319023
4,270,43.5960141,1.4320648
4,271,43.5968612,1.4314673
4,272,43.5976933,1.4308076
4,273,43.5787952,1.3801577
4,274,43.5790563,1.3799587
4,275,43.579831,1.3797014
4,276,43.5804651,1.3799872
4,277,43.5807724,1.3801353
4,278,43.5813432,1.3797765
4,279,43.5829566,1.3811318
4,280,43.5843841,1.3815569
4,281,43.5851637,1.3850156
4,282,43.5854821,1.3868515
4,283,43.5856821,1.3879471
4,284,43.5862123,1.3902339
4,285,43.5876773,1.3943692
4,286,43.5877953,1.3943284
4,287,43.5878499,1.3945519
4,288,43.5913567,1.3981657
4,289,43.5918702,1.3984521
4,290,43.5920639,1.3986706
4,291,43.592079,1.3993726
4,292,43.591837,1.3994717
4,293,43.5899335,1.4001748
4,294,43.5933698,1.4089518
4,295,43.5930395,1.4099058
4,296,43.5927644,1.4111953
4,297,43.5928433,1.4122823
4,298,43.5922778,1.4126204
4,299,43.5916639,1.4129757
4,300,43.5894988,1.4142709
4,301,43.5898342,1.4151853
4,302,43.5901074,1.4159195
4,303,43.5874099,1.4173922
4,304,43.5876077,1.4181156
4,305,43.5883979,1.4208066
4,306,43.5886811,1.4211529
4,307,43.5893926,1.4218999
4,308,43.5910267,1.4248388
4,309,43.5918773,1.4265967
4,310,43.5935253,1.425208
4,311,43.5942571,1.4272283
4,312,43.5930541,1.4285201
4,313,43.5936146,1.4293624
4,314,43.5957319,1.4313977
4,315,43.5959004,1.4319023
4,316,43.5960141,1.4320648
4,317,43.5968612,1.4314673
4,318,43.5976933,1.4308076
4,319,43.5968612,1.4314673
4,320,43.5992616,1.4297367
4,321,43.5994795,1.4295584
4,322,43.5995165,1.4296444
4,323,43.600899,1.4286402
4,324,43.6009377,1.4286211
4,325,43.6053716,1.4281583
4,326,43.6054799,1.428166
4,327,43.6059335,1.428199
4,328,43.6068702,1.4282654
4,329,43.6074344,1.4283028
4,330,43.6082232,1.4283653
4,331,43.6083645,1.4282577
4,332,43.6091028,1.4275431
4,333,43.6118716,1.4253568
4,334,43.6119866,1.4260957
4,335,43.6124783,1.4281568
4,336,43.6125431,1.4284558
4,337,43.612674,1.4290216
4,338,43.614607,1.433426
4,339,43.6151483,1.434445
4,340,43.6154039,1.4351622
4,341,43.615994,1.4390084
4,342,43.6149988,1.4423976
4,343,43.615994,1.4390084
4,344,43.6154039,1.4351622
4,345,43.6151483,1.434445
4,346,43.614607,1.433426
4,347,43.612674,1.4290216
4,348,43.6125431,1.4284558
4,349,43.6124783,1.4281568
4,350,43.6119866,1.4260957
4,351,43.6118716,1.4253568
4,352,43.6122904,1.425215
4,353,43.6121919,1.424477
4,354,43.6114827,1.4199177
4,355,43.6114715,1.4197569
4,356,43.6113244,1.4186385
4,357,43.61198,1.417786
4,358,43.6151399,1.4184144
4,359,43.6208541,1.4181549
4,360,43.6227499,1.4177692
4,361,43.6264853,1.4196748
4,362,43.6460888,1.4217085
4,363,43.649911,1.4221372
4,364,43.6483972,1.4220402
4,365,43.6482206,1.4230474
4,366,43.6485584,1.424135
4,367,43.649487,1.4253591
4,368,43.5787952,1.3801577
4,369,43.5784633,1.379418
4,370,43.5781862,1.3790509
4,371,43.5780873,1.3789808
4,372,43.578035,1.3788062
4,373,43.5751723,1.3807982
4,374,43.5750291,1.380906
4,375,43.5723076,1.3826926
4,376,43.5721104,1.3827604
4,377,43.5703244,1.3860422
4,378,43.5699764,1.3904409
4,379,43.5698387,1.3907395
4,380,43.5678013,1.3926889
4,381,43.5671591,1.3930703
4,382,43.5660223,1.3936144
4,383,43.5658497,1.3935381
4,384,43.5620841,1.3905444
4,385,43.561905,1.3909208
4,386,43.5601191,1.3945632
4,387,43.5600411,1.394731
4,388,43.5599713,1.3948814
4,389,43.5589968,1.3985202
4,390,43.558144,1.402118
4,391,43.5568435,1.4062893
4,392,43.5565224,1.4068303
4,393,43.5555381,1.4084333
4,394,43.5568758,1.4120303
4,395,43.5651746,1.4183833
4,396,43.5690801,1.4220875
4,397,43.5704039,1.4290056
4,398,43.5732315,1.4377739
4,399,43.5737907,1.437974
4,400,43.572574,1.4380878
4,401,43.5725135,1.4381365
4,402,43.5720437,1.4386433
4,403,43.5718713,1.4386242
4,404,43.5710027,1.4390876
4,405,43.5659921,1.43984
4,406,43.5606676,1.4471633
4,407,43.5606411,1.4472223
4,408,43.5627616,1.4487049
4,409,43.5653823,1.4539248
4,410,43.5650385,1.4541871
4,411,43.5644003,1.4546732
4,412,43.5622909,1.4562305
4,413,43.5637878,1.4586084
4,414,43.5647494,1.4601213
4,415,43.5635115,1.4608595
4,416,43.5787952,1.3801577
4,417,43.5784633,1.379418
4,418,43.5781862,1.3790509
4,419,43.5780873,1.3789808
4,420,43.578035,1.3788062
4,421,43.5751723,1.3807982
4,422,43.5750291,1.380906
4,423,43.5723076,1.3826926
4,424,43.5721104,1.3827604
4,425,43.5703244,1.3860422
4,426,43.5699764,1.3904409
4,427,43.5698387,1.3907395
4,428,43.5678013,1.3926889
4,429,43.5671591,1.3930703
4,430,43.5660223,1.3936144
4,431,43.5658497,1.3935381
4,432,43.5620841,1.3905444
4,433,43.561905,1.3909208
4,434,43.5601191,1.3945632
4,435,43.5600411,1.394731
4,436,43.5599713,1.3948814
4,437,43.5589968,1.3985202
4,438,43.558144,1.402118
4,439,43.5568435,1.4062893
4,440,43.5565224,1.4068303
4,441,43.5555381,1.4084333
4,442,43.5568758,1.4120303
4,443,43.5651746,1.4183833
4,444,43.5690801,1.4220875
4,445,43.5704039,1.4290056
4,446,43.5732315,1.4377739
4,447,43.5737907,1.437974
4,448,43.572574,1.4380878
4,449,43.5725135,1.4381365
4,450,43.5720437,1.4386433
4,451,43.5718713,1.4386242
4,452,43.5710027,1.4390876
4,453,43.5659921,1.43984
4,454,43.5606676,1.4471633
4,455,43.5606411,1.4472223
4,456,43.5627616,1.4487049
4,457,43.5653823,1.4539248
4,458,43.5650385,1.4541871
4,459,43.5644003,1.4546732
4,460,43.5622909,1.4562305
4,461,43.5637878,1.4586084
4,462,43.5647494,1.4601213
4,463,43.5635115,1.4608595
4,464,43.5787952,1.3801577
4,465,43.5784633,1.379418
4,466,43.5781862,1.3790509
4,467,43.5780873,1.3789808
4,468,43.578035,1.3788062
4,469,43.5751723,1.3807982
4,470,43.5750291,1.380906
4,471,43.5723076,1.3826926
4,472,43.5721104,1.3827604
4,473,43.5703244,1.3860422
4,474,43.5699764,1.3904409
4,475,43.5698387,1.3907395
4,476,43.5678013,1.3926889
4,477,43.5671591,1.3930703
4,478,43.5660223,1.3936144
4,479,43.5658497,1.3935381
4,480,43.5620841,1.3905444
4,481,43.561905,1.3909208
4,482,43.5601191,1.3945632
4,483,43.5600411,1.394731
4,484,43.5599713,1.3948814
4,485,43.5589968,1.3985202
4,486,43.558144,1.402118
4,487,43.5568435,1.4062893
4,488,43.5565224,1.4068303
4,489,43.5555381,1.4084333
4,490,43.5568758,1.4120303
4,491,43.5651746,1.4183833
4,492,43.5690801,1.4220875
4,493,43.5704039,1.4290056
4,494,43.5732315,1.4377739
4,495,43.5737907,1.437974
4,496,43.572574,1.4380878
4,497,43.5725135,1.4381365
4,498,43.5720437,1.4386433
4,499,43.5718713,1.4386242
